id,name,kana,url,description,phone,address,hours,closed,fee,access,parking,website
"10006","国指定名勝 仙巌園 くにしていめいしょう せんがんえん","","https://www.kagoshima-yokanavi.jp/spot/10006","園内には、郷土料理が味わえるレストランや和カフェ、鹿児島の伝統工芸品や仙巌園限定のお土産を扱うショップ等も充実しています。","099-247-1551","〒892-0871 鹿児島県鹿児島市吉野町9700-1","9:00～17:00","3月第1日曜日(鹿児島マラソンの為休業)","【仙巌園・尚古集成館・御殿】 ○ 一般(15歳以上、中高生を除く) 1,600円 ○ 団体(20名以上) 1,400円 ○ 小中学生・高校生 800円 ○ 小中学生・高校生(修学旅行・学校行事) 700円 ○ 障がい者手帳、鹿児島市敬老パスをお持ちの方 800円","・JR仙巌園駅下車すぐ ・鹿児島中央駅からカゴシマシティビューで約50分「仙巌園前」下車 ・JR鹿児島中央駅から車で約20分","あり（有料）","https://kagoshima-barrierfree.com/barrier-furee/%e5%b3%b6%e6%b4%a5%e5%ae%b6%e5%88%a5%e9%82%b8-%e5%90%8d%e5%8b%9d-%e4%bb%99%e5%b7%8c%e5%9c%92/"
"10032","鹿児島市立美術館 かごしましりつびじゅつかん","","https://www.kagoshima-yokanavi.jp/spot/10032","鹿児島市立美術館の周辺には、博物館などの文化施設や高さ8mの西郷隆盛銅像、島津斉彬を祀る照国神社などがあり見どころが満載。","099-224-3400","〒892-0853 鹿児島県鹿児島市城山町4-36","9:30～18:00（入館は17:30まで）","月曜日（祝日の場合はその翌平日）、12月29日～1月1日","【市民料金】 一般 450円、 高校生・大学生 300円 小学生・中学生 220円 【市外料金】 一般 600円、 高校生・大学生 400円 小学生・中学生 300円","・カゴシマシティビュー「西郷銅像前」下車徒歩約3分 ・市電「市役所前」から徒歩約5分","あり","https://www.instagram.com/kcmoart_ig/"
"10002","城山（城山展望台・城山自然遊歩道） しろやま（しろやまてんぼうだい・しろやましぜんゆうほどう）","","https://www.kagoshima-yokanavi.jp/spot/10002","","","〒892-0853 鹿児島県鹿児島市城山町","","","","カゴシマシティビュー「城山」下車","普通車あり バスあり","https://kagoshima-barrierfree.com/barrier-furee/%e5%9f%8e%e5%b1%b1%e5%b1%95%e6%9c%9b%e6%89%80/"
"10027","天文館 てんもんかん","","https://www.kagoshima-yokanavi.jp/spot/10027","","099-216-1327","〒892-0842 鹿児島県鹿児島市東千石町","","","","市電「天文館通」下車","","https://tenmonkan.info/tenmonkan-dori/"
"20066","【指宿市】ヘルシーランド露天風呂「たまて箱温泉」 【いぶすきし】へるしーらんどろてんぶろ「たまてばこおんせん」","","https://www.kagoshima-yokanavi.jp/spot/20066","ヘルシーランド露天風呂「たまて箱温泉」 日本一にも輝く絶景の露天風呂がおすすめ！ 薩摩富士と呼ばれる美しい開聞岳と大海を望み、壮大な景色と一体になるような体験ができる露天風呂です。 また、砂むし温泉や温水プール、屋内風呂各種、ロウリュウサウナ、屋内こども広場、多目的広場等が楽しめる施設も周辺にあります。 なお、露天風呂は和風と洋風があり、奇数日と偶数日で男女の利用できる露天風呂が入れ替わります。 和風露天風呂（開聞岳側） 奇数日：女性 偶数日：男性 洋風露天風呂（竹山側） 奇数日：男性 偶数日：女性","0993-35-3577","〒891-0511 鹿児島県指宿市山川福元3292","9:30～19:30","木曜日（祝日の場合翌日）","中学生以上510円/小学生以下260円","・鹿児島中央駅から車で約1時間30分 ・鹿児島中央駅からJRで約1時間30分「山川駅」下車、山川駅からバス約14分「たまて箱温泉」下車","あり","https://www.kagoshima-kankou.com/guide/10672/"
"10025","湯之平展望所 ゆのひらてんぼうしょ","","https://www.kagoshima-yokanavi.jp/spot/10025","","","〒891-1418 鹿児島県鹿児島市桜島小池町1025","展望所：見学自由 売店：9:00～17:00","","","桜島フェリーターミナル桜島港からサクラジマアイランドビュー約40分「湯之平展望所」下車","あり","https://kagoshima-barrierfree.com/barrier-furee/%e6%b9%af%e4%b9%8b%e5%b9%b3%e5%b1%95%e6%9c%9b%e6%89%80/"
"10030","いおワールドかごしま水族館 いおわーるどかごしますいぞくかん","","https://www.kagoshima-yokanavi.jp/spot/10030","","099-226-2233","〒892-0814 鹿児島県鹿児島市本港新町3-1","9:30～18:00（入館は17:00まで) ＧＷ、夏休みの土日祝日、お盆、クリスマスイブなどは21:00まで営業","12月第1月曜日から4日間","【市民料金】 ・大人（高校生以上）1500円 ・小人（小中学生）750円 【市外料金】 ・大人（高校生以上）2000円 ・小人（小中学生）1000円","・市電「水族館口」から徒歩約8分 ・市営バス16番線「水族館前」下車徒歩約1分 ・カゴシマシティビュー「かごしま水族館前（桜島桟橋）」下車","あり","https://qrtranslator.com/0000007590/000011"
"10046","有村溶岩展望所 ありむらようがんてんぼうじょ","","https://www.kagoshima-yokanavi.jp/spot/10046","","099-216-1327","〒891-1545 鹿児島県鹿児島市有村町952","","","","桜島港桜島フェリーターミナルから車で約20分","","https://kagoshima-barrierfree.com/barrier-furee/%e6%9c%89%e6%9d%91%e6%ba%b6%e5%b2%a9%e5%b1%95%e6%9c%9b%e6%89%80/"
"10029","鹿児島市平川動物公園 かごしましりつひらかわどうぶつこうえん","","https://www.kagoshima-yokanavi.jp/spot/10029","園内には、どこか懐かしい雰囲気の遊園地も併設されています。メリーゴーランドや観覧車、ゴーカートなど、家族みんなで楽しめます。","099-261-2326","〒891-0133 鹿児島県鹿児島市平川町5669-1","9:00～17:00（入園は16:30まで）","12月29日～1月1日","【市民料金】 一般（高校生以上） 750円、 小中学生 150円 【市外料金】 一般（高校生以上） 1000円、 小中学生 200円 幼児 無料","・鹿児島中央駅から約25分「五位野駅」下車、徒歩約20分または「福平農協前」からバス約５分「動物園」下車 ・鹿児島中央駅から車で約30分","普通車あり バスあり","https://qrtranslator.com/0000007590/000013"
"20063","【霧島市】霧島神宮 【きりしまし】きりしまじんぐう","","https://www.kagoshima-yokanavi.jp/spot/20063","霧島市にある霧島神宮は、鹿児島中央駅から車で約１時間20分のところにあります。 濃い緑に包まれた参道・境内を抜けると、格調高い朱塗りの社殿があらわれます。建国神話の主人公である瓊瓊杵尊（ニニギノミコト）を祀った霧島神宮は、創建が6世紀と古い歴史を誇る神社です。 最初は高千穂峰と火常峰（御鉢）の間にある背門丘に建てられたといわれていますが、霧島山の噴火による消失と再建を繰り返し、500年以上前に現在の場所に移されました。 現在の社殿は島津氏第21代当主（第4代薩摩藩主）島津吉貴が、1715年に建立・寄進したものです。年間100以上の祭儀が行われ、中でも元旦と2月11日に本殿で奉納される九面太鼓は、勇壮な郷土芸能として県内外から注目を集めています。 この近辺には霧島の七不思議や古宮址などもあります。桜の時期には薄桃の花が、紅葉の時期には紅葉の赤と鳥居の朱がよく映えます。","0995-57-0001","〒099-5570 鹿児島県霧島市霧島田口2608-5","","","","・鹿児島中央駅から車で約1時間20分 ・鹿児島中央駅からJR日豊本線「霧島神宮」下車、霧島いわさきホテル行きバスで約15分「霧島神宮」下車","あり","https://www.kagoshima-kankou.com/guide/10114/"
"10022","「桜島」溶岩なぎさ公園足湯 「さくらじま」ようがんなぎさこうえんあしゆ","","https://www.kagoshima-yokanavi.jp/spot/10022","足湯がある溶岩なぎさ公園の周辺は、遊歩道や展望台、桜島の歴史を紹介している桜島ビジターセンターなどがあり、魅力的なスポットが満載。","","〒891-1419 鹿児島県鹿児島市桜島横山町1722-3","9:00～日没","無休","","・桜島港フェリーターミナルから徒歩約10分 ・桜島港フェリーターミナルからサクラジマアイランドビュー「ビジターセンター」下車徒歩約1分","あり","https://kagoshima-barrierfree.com/barrier-furee/%e6%a1%9c%e5%b3%b6%e6%ba%b6%e5%b2%a9%e3%81%aa%e3%81%8e%e3%81%95%e5%85%ac%e5%9c%92%e8%b6%b3%e6%b9%af/"
"10023","桜島ビジターセンター さくらじまびじたーせんたー","","https://www.kagoshima-yokanavi.jp/spot/10023","桜島ビジターセンター内にあるミュージアムショップでは、桜島つばき油、溶岩プレートなどの溶岩商品、火山灰ジュエリーなど桜島にちなんだ商品が並んでいます。","099-293-2443","〒891-1419 鹿児島県鹿児島市桜島横山町1722-29","9:00～17:00","無休","","・桜島フェリーターミナル桜島港から徒歩約10分 ・桜島港フェリーターミナルからサクラジマアイランドビュー「ビジターセンター」下車","普通車あり","https://sakurajimatsubaki.com/"
"10005","西郷隆盛銅像 さいごうたかもりどうぞう","","https://www.kagoshima-yokanavi.jp/spot/10005","西郷隆盛銅像の周辺には、鶴丸城跡に建っている黎明館や鹿児島市立美術館、島津斉彬を祀る照国神社などがあり見どころが満載です。","","〒892-0853 鹿児島県鹿児島市城山町4-36","","","","・カゴシマシティビュー「西郷銅像前」下車 ・市電「朝日通」から徒歩約8分","","https://kagoshima-barrierfree.com/barrier-furee/%e8%a5%bf%e9%83%b7%e9%9a%86%e7%9b%9b%e9%8a%85%e5%83%8f%ef%bc%88%e4%b8%ad%e5%a4%ae%e5%85%ac%e5%9c%92%e3%83%88%e3%82%a4%e3%83%ac%ef%bc%89/"
"20047","鹿児島城（鶴丸城）御楼門 かごしまじょう つるまるじょう ごろうもん","","https://www.kagoshima-yokanavi.jp/spot/20047","","","〒892-0853 鹿児島県鹿児島市城山町7-2","","","","・カゴシマシティビュー「薩摩義士碑前」下車 ・市電「市役所前」から徒歩約10分","","https://www.pref.kagoshima.jp/kyoiku-bunka/bunka/goroumon/index.html"
"20049","月讀神社 つきよみじんじゃ","","https://www.kagoshima-yokanavi.jp/spot/20049","","","〒891-1419 鹿児島県鹿児島市桜島横山町1722-8","","","","桜島港フェリーターミナルから徒歩2分","","https://kagoshima-barrierfree.com/barrier-furee/%e6%9c%88%e8%ae%80%e7%a5%9e%e7%a4%be/"
"10024","黒神埋没鳥居 くろかみまいぼつとりい","","https://www.kagoshima-yokanavi.jp/spot/10024","","","〒891-1401 鹿児島県鹿児島市黒神町（黒神中学校横）","","","","桜島フェリーターミナル桜島港から車で約30分","あり","https://kagoshima-barrierfree.com/barrier-furee/%e9%bb%92%e7%a5%9e%e5%9f%8b%e6%b2%a1%e9%b3%a5%e5%b1%85/"
"10028","鹿児島中央駅 かごしまちゅうおうえき","","https://www.kagoshima-yokanavi.jp/spot/10028","","0570-041-717","〒890-0053 鹿児島県鹿児島市中央町1-1","","","","","あり","https://www.jrkyushu.co.jp/railway/station/1191491_1601.html"
"10014","西郷隆盛終焉の地 さいごうたかもりしゅうえんのち","","https://www.kagoshima-yokanavi.jp/spot/10014","","","〒892-0853 鹿児島県鹿児島市城山町","","","","カゴシマシティビュー「薩摩義士碑前」下車徒歩約5分","","https://ltd-css.jp/"
"10195","国民宿舎レインボー桜島・マグマ温泉 こくみんしゅくしゃれいんぼーさくらじま・まぐまおんせん","","https://www.kagoshima-yokanavi.jp/spot/10195","","099-293-2323","〒891-1419 鹿児島県鹿児島市桜島横山町1722-16","国民宿舎レインボー桜島：24時間営業 桜島マグマ温泉：11:00～21:00（20:00受付終了） ※毎週水曜日は清掃日のため、マグマ温泉の営業時間は13:00～21:00となります。 ※ご宿泊のお客様はチェックイン後23:00まで、翌朝6:30～9:00もご利用いただけます。水曜日の午前中は清掃のため、マグマ温泉はご利用いただけませんのでご了承ください。","","マグマ温泉：大人 460円","・桜島港桜島フェリーターミナルから徒歩約5分 ・サクラジマアイランドビュー「レインボー桜島」下車","あり","https://kagoshima-barrierfree.com/barrier-furee/%e5%9b%bd%e6%b0%91%e5%ae%bf%e8%88%8e%e3%83%ac%e3%82%a4%e3%83%b3%e3%83%9c%e3%83%bc%e6%a1%9c%e5%b3%b6/"
"10011","かごっまふるさと屋台村【バスチカエリア】 かごっまふるさとやたいむら","","https://www.kagoshima-yokanavi.jp/spot/10011","","099-204-0260","〒890-0053 鹿児島県鹿児島市中央町11 鹿児島中央ターミナルビル 地下１階","昼の部 11:30～14:00 夜の部 17:00～23:30","毎月第1月曜日","","鹿児島中央駅から徒歩約5分","","https://www.kagoshima-yataimura.info/yagio15/"
"10364","山形屋 やまかたや","","https://www.kagoshima-yokanavi.jp/spot/10364","","099-227-6111","〒892-8601 鹿児島県鹿児島市金生町3-1","10:00～19:00","1月1日 ※その他の店休日につきましては、山形屋ホームページ等でご案内いたします。","","市電「朝日通」から徒歩約1分","あり （駐車場については関連リンク★山形屋駐車場に関するお知らせをご確認ください）","https://www.yamakataya.co.jp"
"10010","維新ふるさと館 いしんふるさとかん","","https://www.kagoshima-yokanavi.jp/spot/10010","維新ふるさと館が立地している加治屋町は、西郷隆盛、大久保利通が生まれ育った場所です。訪れた際は、周辺を散策し、歴史の流れを感じてみてはいかかでしょうか。","099-239-7700","〒892-0846 鹿児島県鹿児島市加治屋町23-1","9:00～17:00（入館は16:30まで）","無休 【臨時休館】 以下の期間、館内工事のため休館します。 2026年1月14日(水)～ 2月9日(月)、2月11日(水)～ 2月15日(日)、2月18日(水) ※工事の都合により休館期間が変わることがあります。 （※2026年1月5日(月)更新情報）","【市民料金】 大人（高校生以上）：450円 小人（小・中学生）：220円 (注)市民料金で利用するためには運転免許証やマイナンバーカード、生徒手帳などの掲示で、鹿児島市民であることの証明が必要です。 【市外料金】 大人（高校生以上）：600円 小人（小・中学生）：300円","・鹿児島中央駅から徒歩約8分 ・カゴシマシティビュー「維新ふるさと館（観光交流センター）」下車徒歩約2分","普通車あり バスあり","https://kagoshima-barrierfree.com/barrier-furee/%e7%b6%ad%e6%96%b0%e3%81%b5%e3%82%8b%e3%81%95%e3%81%a8%e9%a4%a8-2/"
"10008","慈眼寺公園 じげんじこうえん","","https://www.kagoshima-yokanavi.jp/spot/10008","","099-216-1366","〒891-0144 鹿児島県鹿児島市下福元町3810","","","","鹿児島中央駅からJRで約20分、慈眼寺駅下車徒歩約10分","あり","https://kagoshima-barrierfree.com/barrier-furee/%e6%85%88%e7%9c%bc%e5%af%ba%e5%85%ac%e5%9c%92/"
"10031","名山堀（路地裏のレストラン） めいざんぼり（うらろじのれすとらん）","","https://www.kagoshima-yokanavi.jp/spot/10031","","","〒892-0821 鹿児島県鹿児島市名山町","","","","市電「朝日通」「市役所前」から徒歩約5分","","https://www.kagoshima-kankou.com/feature/retrip-meizanbori"
"10187","鹿児島中央駅総合観光案内所 かごしまちゅうおうえきそうごうかんこうあんないじょ","","https://www.kagoshima-yokanavi.jp/spot/10187","","","〒890-0053 鹿児島県鹿児島市中央町1-1 JR鹿児島中央駅構内","8:00～19:00","無休","","鹿児島中央駅内","","https://kagoshima-barrierfree.com/barrier-furee/%e9%b9%bf%e5%85%90%e5%b3%b6%e4%b8%ad%e5%a4%ae%e9%a7%85%e7%b7%8f%e5%90%88%e8%a6%b3%e5%85%89%e6%a1%88%e5%86%85%e6%89%80/"
"10019","西郷南洲顕彰館（南洲墓地・南洲神社） さいごうなんしゅうけんしょうかん（なんしゅうぼち・なんしゅうじんじゃ）","","https://www.kagoshima-yokanavi.jp/spot/10019","西郷南洲顕彰館の近くには、西郷隆盛を祭っている南洲神社や、西南戦争で散った薩軍兵士が眠る南洲墓地があり見どころが満載。歴史を感じたあとはカフェで一休みしてはいかがでしょうか。","099-247-1100","〒892-0851 鹿児島県鹿児島市上竜尾町2-1（南洲公園内）","9:00～17:00","月曜日(祝日の場合は翌平日)、12月29日～1月1日","【市民料金】 一般：300円 小・中学生：150円 (注)市民料金で利用するためには運転免許証やマイナンバーカード、生徒手帳などの掲示で、鹿児島市民であることの証明が必要です。 【市外料金】 一般：400円 小・中学生：200円","・カゴシマシティビュー「西郷南洲顕彰館（南洲公園）前」下車すぐ ・鹿児島中央駅から車で約15分","普通車あり バスあり","http://saigou.jp/"
"10004","錦江湾公園 きんこうわんこうえん","","https://www.kagoshima-yokanavi.jp/spot/10004","錦江湾公園の隣には、遊園地も併設されている平川動物公園があります。錦江湾公園を訪れた際は、平川動物公園にも足を運んで一日中遊びつくそう！","099-216-1366","〒891-0133 鹿児島県鹿児島市平川町1818","なし 備考／一部の遊具については使用できない物があります","無休（キャンプ場：7月20日～8月31日開設）","","鹿児島中央駅から高見馬場バス停まで徒歩約15分、鹿児島交通バス平川公園行き「錦江湾公園入口」下車徒歩約5分","あり","https://kagoshima-barrierfree.com/barrier-furee/%e9%8c%a6%e6%b1%9f%e6%b9%be%e5%85%ac%e5%9c%92/"
"10013","西郷洞窟 さいごうどうくつ","","https://www.kagoshima-yokanavi.jp/spot/10013","","","〒892-0853 鹿児島県鹿児島市城山町","","","","カゴシマシティビュー「西郷洞窟前」下車","あり 西郷洞窟のある場所から、道を挟んで向かい側に、鹿児島市指定の駐車場が５台分あります。駐車場の区画線と、白い看板で西郷洞窟用の駐車場であることが記載された案内板もあるので目印になさって下さい。 ※洞窟側の路肩スペースはバスが停留するスペースなため、一般の方は向かいの駐車場をご利用下さい","https://kagoshima-barrierfree.com/barrier-furee/%e8%a5%bf%e9%83%b7%e6%b4%9e%e7%aa%9f/"
"10015","奄美の里 あまみのさと","","https://www.kagoshima-yokanavi.jp/spot/10015","","099-268-0331","〒891-0122 鹿児島県鹿児島市南栄1-8-1","9:00～17:00（最終受付16:30） ※レストランの営業時間等、詳細は公式サイトをご確認ください","無休","大人500円 高校生400円 小中学生300円 園児・幼児無料 ※団体15名以上は各100円引き ※障害者手帳を提示いただいたご本人様は通常料金の半額","・鹿児島中央駅からJRで約20分「谷山駅」下車、徒歩約15分（車で約5分） ・鹿児島中央駅から市電で約30分「谷山駅」下車、徒歩約20分（車で約5分）","普通車あり","https://kagoshima-barrierfree.com/barrier-furee/%e5%a5%84%e7%be%8e%e3%81%ae%e9%87%8c/"
"10411","【土日祝日運行】オープンバス かごんまそらバス 「鹿児島市内＆桜島一周コース」 おーぷんばす かごんまそらばす 「かごしましない あんど さくらじまいっしゅうこーす」","","https://www.kagoshima-yokanavi.jp/spot/10411","","099-208-3003","","","","","鹿児島中央駅西口","","http://kagosora.miyabi-bus.jp/"
"10096","古里温泉郷 ふるさとおんせんきょう","","https://www.kagoshima-yokanavi.jp/spot/10096","","","〒891-1544 鹿児島県鹿児島市古里町1078-64","","","","・桜島港桜島フェリーターミナルから車で約15分 ・桜島港桜島フェリーターミナルから自転車で約60分","","https://ltd-css.jp/"
"10362","アミュプラザ鹿児島 あみゅぷらざかごしま","","https://www.kagoshima-yokanavi.jp/spot/10362","","099-812-7700","〒890-0053 鹿児島県鹿児島市中央町1-1","（本館B1F～4F・プレミアム館）10:00～20:00 （本館5～6F飲食店）11:00～22:00 ※一部店舗は異なります。最新情報は公式HPをご確認ください","不定休","","鹿児島中央駅直結","あり","https://www.youtube.com/watch?v=7bNwu6yS4Hs"
"10048","赤水展望広場・桜島オールナイトコンサート記念モニュメント「叫びの肖像」 あかみずてんぼうひろば・さくらじまおーるないとこんさーときねんもにゅめんと「さけびのしょうぞう」","","https://www.kagoshima-yokanavi.jp/spot/10048","","","〒891-1420 鹿児島県鹿児島市桜島赤水町3629-3","","","","・サクラジマアイランドビュー「赤水展望広場」」下車 ・桜島港桜島フェリーターミナルから徒歩約30分","","https://kagoshima-barrierfree.com/barrier-furee/%e8%b5%a4%e6%b0%b4%e5%b1%95%e6%9c%9b%e5%ba%83%e5%a0%b4%e5%8f%ab%e3%81%b3%e3%81%ae%e8%82%96%e5%83%8f/"
"10003","旧鹿児島紡績所技師館（異人館） きゅうかごしまぼうせきじょぎしかん（いじんかん）","","https://www.kagoshima-yokanavi.jp/spot/10003","","099-247-3401","〒892-0871 鹿児島県鹿児島市吉野町9685-15","9:00～17:00","無休","【市民料金】 （一般）個人：300円 （小中学生）個人：150円 (注)市民料金で利用するためには運転免許証やマイナンバーカード、生徒手帳などの掲示で、鹿児島市民であることの証明が必要です。 【市外料金】 （一般）個人：400円 （小中学生）個人：200円","・JR仙巌園駅から徒歩3分 ・鹿児島中央駅からカゴシマシティビューで約50分「仙巌園前」下車徒歩約2分 ・JR鹿児島中央駅から車で約30分 ・JR鹿児島駅から車で約15分","普通車あり バスなし","https://kagoshima-barrierfree.com/barrier-furee/%e7%95%b0%e4%ba%ba%e9%a4%a8/"
"10009","ウォーターフロントパーク うぉーたーふろんとぱーく","","https://www.kagoshima-yokanavi.jp/spot/10009","","099-805-7413","〒892-0814 鹿児島県鹿児島市本港新町5-4","","","","市電「いづろ通」から徒歩約8分","","https://ltd-css.jp/"
"20161","センテラス天文館 せんてらすてんもんかん","","https://www.kagoshima-yokanavi.jp/spot/20161","繁華街、天文館の中心にあるグルメやショップが入る複合施設。 地元の魅力的なお店や鹿児島初出店のテナントでショッピングが楽しめます。 1階には観光案内所も併設されており、鹿児島観光の拠点となる施設です。","099-221-1001","〒892-0843 鹿児島県鹿児島市千日町1番1号","【ショップ 】10:00-20:00 【レストラン 】11:00-23:00 （一部店舗により異なります）","不定休","","市電「天文館通」から徒歩約1分","あり","https://centerrace.com/"
"20162","鹿児島市観光案内所（天文館） かごしましかんこうあんないじょ（てんもんかん）","","https://www.kagoshima-yokanavi.jp/spot/20162","鹿児島の観光パンフレットを設置・配布しており、多言語で観光案内を行っています。 また、旅の移動に欠かせないお得な交通チケット「CUTE（キュート）」や、その他、各種チケットを販売しています。 ※鹿児島市公式観光アプリ「わくわく」の店舗番号は「3127」です。お得なアプリの詳細はこちら。","","〒892-0843 鹿児島県鹿児島市千日町1-1","9:00～19:00","年中無休","","市電「天文館通」から徒歩約1分","","https://kagoshima-barrierfree.com/barrier-furee/%e9%b9%bf%e5%85%90%e5%b3%b6%e5%b8%82%e8%a6%b3%e5%85%89%e6%a1%88%e5%86%85%e6%89%80%ef%bc%88%e5%a4%a9%e6%96%87%e9%a4%a8%ef%bc%89%e2%80%bb%e4%be%9b%e7%94%a8%e9%96%8b%e5%a7%8b%e3%81%af%ef%bc%93%e6%9c%88/"
"10050","桜島観光案内所（桜島コンシェルジュセンター） さくらじまかんこうあんないじょ（さくらじまこんしぇるじゅせんたー）","","https://www.kagoshima-yokanavi.jp/spot/10050","","099-293-4333","〒891-1419 鹿児島県鹿児島市桜島横山町61-4","8:30～17:15","無休","","・桜島港桜島フェリーターミナル3F ・市街地から市電「水族館口」下車徒歩約5分で鹿児島港桜島フェリーターミナルへ、鹿児島港から桜島フェリーで約15分 ・市街地から市営バス16番で「水族館前」下車、徒歩約1分で鹿児島港桜島フェリーターミナルへ、鹿児島港から桜島フェリーで約15分","","https://kagoshima-barrierfree.com/barrier-furee/%e6%a1%9c%e5%b3%b6%e8%a6%b3%e5%85%89%e6%a1%88%e5%86%85%e6%89%80%ef%bc%88%e6%a1%9c%e5%b3%b6%e3%82%b3%e3%83%b3%e3%82%b7%e3%82%a7%e3%83%ab%e3%82%b8%e3%83%a5%ef%bc%89/"
"10189","鹿児島まち歩き観光ステーション かごしままちあるきかんこうすてーしょん","","https://www.kagoshima-yokanavi.jp/spot/10189","お土産や旅の思い出に最適な火山灰入りのキーホルダー、火山の妖精をイメージした『マグニョン』など、鹿児島限定や鹿児島ならではのグッズが揃っています。","099-208-4701","〒892-0853 鹿児島県鹿児島市城山町2-30 二之丸ビル1F","9:00～17:30","12月29日～1月3日","入場無料","・市電「朝日通」から徒歩約8分 ・カゴシマシティビュー「西郷銅像前」下車徒歩約1分 ・中央公園の地下駐車場「セラ602」徒歩約１分","隣接する中央公園の地下駐車場（セラ602：鹿児島市山下町4-1）：駐車券提示の方にサービス券をお渡し （ぶらりまち歩き参加者（2時間無料）、当該ステーション利用者（30分無料））","https://kagoshima-barrierfree.com/barrier-furee/%e9%b9%bf%e5%85%90%e5%b3%b6%e3%81%be%e3%81%a1%e6%ad%a9%e3%81%8d%e8%a6%b3%e5%85%89%e3%82%b9%e3%83%86%e3%83%bc%e3%82%b7%e3%83%a7%e3%83%b3/"
"20174","【指宿市】指宿市営 唐船峡そうめん流し いぶすきしえい とうせんきょうそうめんながし","","https://www.kagoshima-yokanavi.jp/spot/20174","年間、約20万人もの方々が訪れる唐船峡。 真夏でも涼しさを感じることができ、環境省の「平成の名水百選」に認定された冷たい湧水でそうめん流しが楽しめます。 そうめん、おにぎり、マスの塩焼き、鯉こく、鯉のあらいなどが味わえます。","0993-32-2143","〒891-0603 鹿児島県指宿市開聞十町5967","天候及び時季により変動いたしますので詳細は公式サイトをご覧ください。","年中無休","","JR指宿駅から車で25分","あり","https://www.ibusuki.or.jp/eat/somen/ibusukicity/"
"20080","鹿児島中央駅東口駅前広場観光案内所 かごしまちゅうおうえきひがしぐちえきまえひろばかんこうあんないじょ","","https://www.kagoshima-yokanavi.jp/spot/20080","","","鹿児島県鹿児島市中央町37-1","8:00～18:00","年中無休","手荷物一時預かり（１個あたり1日700円）","","なし","https://kagoshima-barrierfree.com/barrier-furee/%e9%b9%bf%e5%85%90%e5%b3%b6%e4%b8%ad%e5%a4%ae%e6%9d%b1%e5%8f%a3%e9%a7%85%e5%89%8d%e5%ba%83%e5%a0%b4%e8%a6%b3%e5%85%89%e6%a1%88%e5%86%85%e6%89%80/"
"10070","鹿児島県歴史・美術センター 黎明館 かごしまけんれきしびじゅつせんたー れいめいかん","","https://www.kagoshima-yokanavi.jp/spot/10070","","099-222-5100","〒892-0853 鹿児島県鹿児島市城山町7-2","9:00～18:00（入館は17:30まで）","月曜日（祝日の時は翌平日）、毎月25日（土・日・祝日の時は開館）、12月31日～1月2日","一般430円 高校・大学生270円 小・中学生160円 年間パスポート：一般860円 高校・大学生540円 小・中学生320円","・カゴシマシティビュー「薩摩義士碑前」下車 ・市電「市役所前」から徒歩約7分 ・鹿児島駅から徒歩15分","あり","https://kagoshima-barrierfree.com/barrier-furee/%e9%b9%bf%e5%85%90%e5%b3%b6%e7%9c%8c%e6%ad%b4%e5%8f%b2%e3%83%bb%e7%be%8e%e8%a1%93%e3%82%bb%e3%83%b3%e3%82%bf%e3%83%bc%e9%bb%8e%e6%98%8e%e9%a4%a8/"
"10188","観光交流センター かんこうこうりゅうせんたー","","https://www.kagoshima-yokanavi.jp/spot/10188","","099-298-5111","〒890-0052 鹿児島県鹿児島市上之園町1-1","9:00～18:00","無休","","・鹿児島中央駅から徒歩約5分 ・カゴシマシティビュー「維新ふるさと館（観光交流センター）」下車","普通車あり バスあり","https://kagoshima-city.form.kintoneapp.com/public/p-kashikan-step1"
"10017","甲突川河畔 こうつきがわかはん","","https://www.kagoshima-yokanavi.jp/spot/10017","","","〒892-0846 鹿児島県鹿児島市加治屋町ほか","","","","・カゴシマシティビュー「維新ふるさと館（観光交流センター）」下車徒歩約3分 ・鹿児島中央駅から徒歩約8分","","https://ltd-css.jp/"
"10026","照國神社 てるくにじんじゃ","","https://www.kagoshima-yokanavi.jp/spot/10026","","099-222-1820","〒892-0841 鹿児島県鹿児島市照国町19-35","受付時間：9:00～16:30","無休","","・市電「天文館」から徒歩約5分 ・カゴシマシティビュー「西郷銅像前」下車徒歩約3分","普通車あり","https://www.kagojinjacho.or.jp/shrine-search/area-kagoshima/%e9%b9%bf%e5%85%90%e5%b3%b6%e5%b8%82/940/"
"10313","よかど鹿児島 よかどかごしま","","https://www.kagoshima-yokanavi.jp/spot/10313","地元で人気の飲食店やショップが立ち並ぶ、完全キャッシュレスの商業施設。別館ビルは鹿児島が全国に誇る牛や豚や鰻などが味わえる飲食店エリア、本店ビルは鹿児島の特産品を集めた物販エリアや子供たちが遊びながらゆったりくつろげるカフェエリアなどが立ち並びます","099-239-5566","〒892-0828 鹿児島県鹿児島市金生町6番6号","【本店ビル】 10:00～19:00 (一部店舗は7:00〜20:00で営業) 【本店別館ビル】 1F : 11:00～21:00(ただし、14:00〜17:00は一部店舗休業) 2F : 11:00～20:00 詳細はよかど鹿児島ＨＰをご覧ください","1月1日および毎月第2火曜日","","市電「いづろ通」から徒歩約1分","あり","https://yocado-kagoshima.jp/"
"10108","桐野利秋 きりの としあき","","https://www.kagoshima-yokanavi.jp/spot/10108","","","","","","","","","https://ltd-css.jp/"
"10092","桜島の火山活動について さくらじまのかざんかつどうについて","","https://www.kagoshima-yokanavi.jp/spot/10092","","","","","","","","","http://www.jma-net.go.jp/kagoshima/vol/data/skr_exp_num.html"
"10067","鹿児島県立博物館 かごしまけんりつはくぶつかん","","https://www.kagoshima-yokanavi.jp/spot/10067","鹿児島県立博物館の周辺には、美術館などの文化施設や高さ8mの西郷隆盛銅像、島津斉彬を祀る照国神社などがあり見どころが満載。","099-223-6050","〒892-0853 鹿児島県鹿児島市城山町1-1","9:00～17:00（入館は16:30まで）","月曜日（祝日の場合は翌平日）、毎月25日頃、12月29日～1月4日 ※詳細はHPで要確認","プラネタリウムのみ有料 大人230円 小・中学生130円","・カゴシマシティビュー「西郷銅像前」下車徒歩約5分 ・市電「市役所前」から徒歩約10分","","https://kagoshima-barrierfree.com/barrier-furee/%e9%b9%bf%e5%85%90%e5%b3%b6%e7%9c%8c%e7%ab%8b%e5%8d%9a%e7%89%a9%e9%a4%a8/"
"10020","若き薩摩の群像 わかきさつまのぐんぞう","","https://www.kagoshima-yokanavi.jp/spot/10020","","","〒893-0053 鹿児島県鹿児島市中央町JR鹿児島中央駅前東口広場","","","","鹿児島中央駅前","","http://www.ssmuseum.jp/index.html"
"10041","吉野公園 よしのこうえん","","https://www.kagoshima-yokanavi.jp/spot/10041","","099-243-0155","〒892-0871 鹿児島県鹿児島市吉野町7955","4月～6月・9月：6:00～19:00 7月～8月：6:00～19:30 10月：6:00～18:00 11月～2月：7:00～17:00 3月：7:00～18:00","12月29日～12月31日","無料","鹿児島中央駅から車で約25分","普通車あり バスあり","https://kagoshima-barrierfree.com/barrier-furee/%e9%b9%bf%e5%85%90%e5%b3%b6%e7%9c%8c%e7%ab%8b%e5%90%89%e9%87%8e%e5%85%ac%e5%9c%92/"
"10154","今和泉島津家本邸跡（篤姫誕生地） いまいずみしまづけほんていあと（あつひめたんじょうち）","","https://www.kagoshima-yokanavi.jp/spot/10154","","","〒892-0805 鹿児島県鹿児島市大竜町","","","","・カゴシマシティビュー「今和泉島津家本邸跡（篤姫誕生地）」下車 ・鹿児島中央駅から車で約15分","","https://ltd-css.jp/"
"20347","【指宿市】山川砂むし温泉「砂湯里（さゆり）」 【いぶすきし】やまがわすなむしおんせん「さゆり（さゆり）」","","https://www.kagoshima-yokanavi.jp/spot/20347","ヘルシーランド露天風呂「たまて箱温泉」 日本一にも輝く絶景の露天風呂がおすすめ！ 薩摩富士と呼ばれる美しい開聞岳と大海を望み、壮大な景色と一体になるような体験ができる露天風呂です。 また、砂むし温泉や温水プール、屋内風呂各種、ロウリュウサウナ、屋内こども広場、多目的広場等が楽しめる施設も周辺にあります。 なお、露天風呂は和風と洋風があり、奇数日と偶数日で男女の利用できる露天風呂が入れ替わります。 和風露天風呂（開聞岳側） 奇数日：女性 偶数日：男性 洋風露天風呂（竹山側） 奇数日：男性 偶数日：女性","0993-27-6966","〒891-0511 鹿児島県指宿市山川福元3339-3","","","","","","https://ltd-css.jp/"
"10170","西南戦争の銃弾跡 せいなんせんそうのじゅうだんあと","","https://www.kagoshima-yokanavi.jp/spot/10170","","","〒892-0853 鹿児島県鹿児島市城山町","","","","・カゴシマシティビュー「薩摩義士碑前」下車 ・市電「市役所前」から徒歩約10分","","https://ltd-css.jp/"
"10366","グリーンファーム喜入（鹿児島市観光農業公園） ぐりーんふぁーむきいれ（かごしましかんこうのうぎょうこうえん）","","https://www.kagoshima-yokanavi.jp/spot/10366","","099-345-3337","〒891-0204 鹿児島県鹿児島市喜入一倉町5809-97","11月～3月 9:00～17:00 4月～10月 8:30～18:00","12月29日～1月1日","","・JR鹿児島中央駅から車で約1時間 ・JR「喜入駅」から車で約10分","あり","https://kagoshima-barrierfree.com/barrier-furee/%e9%b9%bf%e5%85%90%e5%b3%b6%e5%b8%82%e8%a6%b3%e5%85%89%e8%be%b2%e6%a5%ad%e5%85%ac%e5%9c%92%e3%82%b0%e3%83%aa%e3%83%bc%e3%83%b3%e3%83%95%e3%82%a1%e3%83%bc%e3%83%a0/"
"10057","さくらじま白浜温泉センター さくらじましらはまおんせんせんたー","","https://www.kagoshima-yokanavi.jp/spot/10057","","099-293-4126","〒891-1411 鹿児島県鹿児島市桜島白浜町1269","10:00～21:00（福祉浴場は17:00まで）","毎月10日（土日祝日の場合は翌日）","一般460円 家族風呂1,100円 市内在住70歳以上の方は100円 福祉浴場 市内在住60歳以上の方は100円 毎月26日は一般100円、家族風呂は550円","・桜島港桜島フェリーターミナルから車で約15分 ・桜島港桜島フェリーターミナルから自転車約50分","普通車あり バスあり","https://ltd-css.jp/"
"10083","鹿児島市立科学館 かごしましりつかがくかん","","https://www.kagoshima-yokanavi.jp/spot/10083","","099-250-8511","〒890-0063 鹿児島県鹿児島市鴨池2-31-18","9:30～18:00（入館は17:30まで）","火曜日（休日の場合は翌平日）、12月29日～1月1日","【市民料金】 大人600円、小人220円 【市外料金】 大人800円、小人300円 ※プラネタリウム・ドームシネマ観覧料は別途","・市電「郡元」から徒歩約10分 ・市営バス「鴨池市営プール前」下車","敷地内にパーキングパーミット用スペース２台分あり その他は隣接の鴨池公園駐車場を利用（普通車あり バスあり）","https://www.k-kagaku.jp/"
"10183","旧島津氏玉里邸庭園 きゅうしまづしたまざとていていえん","","https://www.kagoshima-yokanavi.jp/spot/10183","","099-222-2627","〒890-0012 鹿児島県鹿児島市玉里町27-20","9:00～17:00","火曜日（休日の場合は翌平日）、12月29日～1月1日","入園無料 【市民料金】 （茶室使用料１時間あたり） 900円 （茶室使用料１時間あたり入場料等徴収） 1350円 【市外料金】 （茶室使用料１時間あたり） 1200円 （茶室使用料１時間あたり入場料等徴収） 1800円","・鹿児島中央駅から市営バス8-2番線「女子高校前」下車 ・鹿児島中央駅から車で約15分","","https://k-kouenkousya.jp/upload/ryoukinkaitei.pdf"
"10069","石橋記念公園・石橋記念館 いしばしきねんこうえん・いしばしきねんかん","","https://www.kagoshima-yokanavi.jp/spot/10069","","099-248-6661","〒892-0812 鹿児島県鹿児島市浜町1-3","9:00～17:00（7月～8月は19:00まで）","【公園】 通年開園（駐車場の閉鎖時間にご注意ください） 【記念館】月曜日休館（祝日の場合は翌日）","無料","・カゴシマシティビュー「石橋記念公園前」下車 ・市電「鹿児島駅」から徒歩約10分","あり","https://kagoshima-barrierfree.com/barrier-furee/%e7%9f%b3%e6%a9%8b%e8%a8%98%e5%bf%b5%e5%85%ac%e5%9c%92/"
"10157","川路大警視像 かわじだいけいしぞう","","https://www.kagoshima-yokanavi.jp/spot/10157","","","〒890-0064 鹿児島県鹿児島市鴨池新町10-1","","","","・鹿児島中央駅から市営バス16番線「県庁前」下車 ・市電「郡元」から徒歩約15分 ・鹿児島中央駅から車で約15分","","https://ltd-css.jp/"
"10042","桜島自然恐竜公園 さくらじましぜんきょうりゅうこうえん","","https://www.kagoshima-yokanavi.jp/spot/10042","","099-216-1366","〒891-1419 鹿児島県鹿児島市桜島横山町79","","無休","","桜島フェリーターミナル桜島港から徒歩約10分（車で約2分）","あり","https://kagoshima-barrierfree.com/barrier-furee/%e6%a1%9c%e5%b3%b6%e8%87%aa%e7%84%b6%e6%81%90%e7%ab%9c%e5%85%ac%e5%9c%92/"
"10065","島津家歴史博物館 尚古集成館 しまづけれきしはくぶつかん しょうこしゅうせいかん","","https://www.kagoshima-yokanavi.jp/spot/10065","","099-247-1511","〒892-0871 鹿児島県鹿児島市吉野町9698-1","9:00～17:00","3月第1日曜日（鹿児島マラソンの為休園）","【仙巌園・尚古集成館・御殿】 ○ 一般(15歳以上、中高生を除く) 1,600円 ○ 団体(20名以上) 1,400円 ○ 小中学生・高校生 800円 ○ 小中学生・高校生(修学旅行・学校行事) 700円 ○ 障がい者手帳、鹿児島市敬老パスをお持ちの方 800円","・JR「仙巌園前」下車徒歩3分 ・鹿児島中央駅からカゴシマシティビューで約50分「仙巌園前」下車 ・鹿児島中央駅から車で約20分","あり","http://www.shuseikan.jp/"
"10148","大久保利通銅像 おおくぼとしみちどうぞう","","https://www.kagoshima-yokanavi.jp/spot/10148","大久保利通銅像の周辺にある加治屋町は、西郷隆盛、大久保利通が生まれ育った場所です。訪れた際は、周辺を散策し、歴史の流れを感じてみてはいかかでしょうか。","","〒892-0847 鹿児島県鹿児島市西千石町","","","","鹿児島中央駅から徒歩約5分","","https://ltd-css.jp/"
"10363","マルヤガーデンズ まるやがーでんず","","https://www.kagoshima-yokanavi.jp/spot/10363","","099-813-8108","〒892-0826 鹿児島県鹿児島市呉服町6-5","10:00～20:00 備考／店舗による","不定休","","市電「いづろ通」から徒歩約1分","あり","https://www.maruya-gardens.com/"
"10033","かごしま近代文学館・かごしまメルヘン館 かごしまきんだいぶんがくかん・かごしまめるへんかん","","https://www.kagoshima-yokanavi.jp/spot/10033","","099-226-7771","〒892-0853 鹿児島県鹿児島市城山町5-1","9:30～18:00（入館は17:30まで）","火曜日（祝日の場合は翌日）、 12月29日～1月1日","（文学館） 【市民料金】 一般 450円、 高校生・大学生 370円 小学生・中学生 220円 【市外料金】 一般 600円、 高校生・大学生 450円 小学生・中学生 300円 （メルヘン館） 【市民料金】 一般 450円、 高校生・大学生 370円 小学生・中学生 220円 【市外料金】 一般 600円、 高校生・大学生 450円 小学生・中学生 300円 （共通） 【市民料金】 一般 750円、 高校生・大学生 610円 小学生・中学生 360円 【市外料金】 一般 1000円、 高校生・大学生 750円 小学生・中学生 500円","・カゴシマシティビュー「西郷銅像前」下車徒歩約3分 ・市電「市役所前」から徒歩約5分","あり","https://kagoshima-barrierfree.com/barrier-furee/%e3%81%8b%e3%81%94%e3%81%97%e3%81%be%e8%bf%91%e4%bb%a3%e6%96%87%e5%ad%a6%e9%a4%a8/"
"10060","長島美術館 ながしまびじゅつかん","","https://www.kagoshima-yokanavi.jp/spot/10060","","099-250-5400","〒890-0045 鹿児島県鹿児島市武3-42-18","9:00～17:00（入館は16:30まで）","毎週火曜日(祝日の場合はその翌平日) ※特別企画展・その他の企画展の期間は無休で開館する場合があります","大人1,000円 高校・大学生800円 小・中学生400円 65歳以上500円","・鹿児島中央駅から車で約5分 ・鹿児島中央駅から鹿児島交通・南国交通「武中学校下」下車徒歩約20分（坂道あり）","普通車あり バスあり","https://ngp.jp/nagashima-museum/"
"10128","山本権兵衛 やまもと ごんのひょうえ","","https://www.kagoshima-yokanavi.jp/spot/10128","","","","","","","","","https://ltd-css.jp/"
"10012","歴史ロード“維新ふるさとの道” れきしろーど“いしんふるさとのみち”","","https://www.kagoshima-yokanavi.jp/spot/10012","歴史ロード“維新ふるさとの道”がある加治屋町は、西郷隆盛、大久保利通が生まれ育った場所です。訪れた際は、周辺を散策し、歴史の流れを感じてみてはいかかでしょうか。","099-239-7700","〒892-0846 鹿児島県鹿児島市加治屋町3","","無休","","・カゴシマシティビュー「維新ふるさと館（観光交流センター）」下車徒歩3分 ・鹿児島中央駅から徒歩約8分","","http://ishinfurusatokan.info/road/"
"10077","仙巌園 菊まつり せんがんえん きくまつり","","https://www.kagoshima-yokanavi.jp/spot/10077","約1万4千本の菊が園内を彩り、華やかな季節を迎えます。 菊花三重塔や花籠など、撮影スポットが盛りだくさんです。 期間中は、太鼓の演奏や義弘の姪で美の女神といわれる持明院亀寿姫に美と健康を祈願する「持明祭」など様々な催しが実施されます。 島津の雅やかな邸宅で秋のひとときをお楽しみください。","099-247-1551","〒892-0871 鹿児島県鹿児島市吉野町9700-1","9:00〜17:00","無休","別途仙巌園 入場料が必要です ※下記サイトをご確認下さい","・JR仙巌園駅下車すぐ ・鹿児島中央駅からカゴシマシティビューで約50分「仙巌園前」下車 ・JR鹿児島中央駅から車で約20分","普通車・バスあり（有料）","https://www.senganen.jp/"
"20251","シラスソープ（日本衛生センター) しらすそーぷ（にほんえいせいせんたー）","","https://www.kagoshima-yokanavi.jp/spot/20251","99％がミネラル成分でイオン豊富なシラスでできた石鹸は、お肌への水分補給を促進し、しっとりした潤いのあるお肌へと導きます。鹿児島県茶葉を使用した石鹸もあります。鹿児島の火山の恵みでできたシラス石鹸をぜひお試しください。 日本衛生センター 公式サイト ■取扱い店舗 ▼日本衛生センター（シラス石鹸）オンラインショップ","0120-202-208","〒892-0852 鹿児島県鹿児島市下竜尾25-22","","","","","","https://sirasukireisoap.com/"
"10149","歴史と文化の道 れきしとぶんかのみち","","https://www.kagoshima-yokanavi.jp/spot/10149","","","〒892-0853 鹿児島県鹿児島市城山町","","","","・カゴシマシティビュー「薩摩義士碑前」下車 ・市電「市役所前」から徒歩約10分","","https://ltd-css.jp/"
"10007","磯海水浴場 いそかいすいよくじょう","","https://www.kagoshima-yokanavi.jp/spot/10007","","099-248-3006","〒892-0871 鹿児島県鹿児島市吉野町9684-2","","","","・JR仙巌園駅から徒歩3分 ・鹿児島中央駅からカゴシマシティビューで約50分「仙巌園前」下車徒歩約3分 ・JR鹿児島中央駅から車で約30分 ・JR鹿児島駅から車で約15分","","https://ltd-css.jp/"
"10163","大久保利通生い立ちの地 おおくぼとしみちおいたちのち","","https://www.kagoshima-yokanavi.jp/spot/10163","大久保利通生い立ちの地がある加治屋町は、西郷隆盛、大久保利通が生まれ育った場所です。訪れた際は、周辺を散策し、歴史の流れを感じてみてはいかかでしょうか。","099-216-1327","〒892-0846 鹿児島県鹿児島市加治屋町","","","","・鹿児島中央駅から徒歩約8分 ・カゴシマシティビュー維新ふるさと館（観光交流センター）下車徒歩約2分","","https://ltd-css.jp/"
"10159","薩英戦争（天保山）砲台跡 さつえいせんそう（てんぽざん）ほうだいあと","","https://www.kagoshima-yokanavi.jp/spot/10159","","","〒890-0061 鹿児島県鹿児島市天保山町","","","","・鹿児島中央駅から市営バス16番線「共月亭」下車 徒歩約1分 ・鹿児島中央駅から車で約15分","","https://ltd-css.jp/"
"10150","天璋院像 てんしょういんぞう","","https://www.kagoshima-yokanavi.jp/spot/10150","","099-222-5100","〒892-0853 鹿児島県鹿児島市城山町7-2（鶴丸城跡） 鹿児島県歴史・美術センター黎明館前庭","","","","・カゴシマシティビュー「薩摩義士碑前」下車徒歩約1分 ・市電「市役所前」から徒歩約10分","","http://www.pref.kagoshima.jp/reimeikan/"
"10147","西郷隆盛・従道誕生地 さいごうたかもり・じゅうどうたんじょうち","","https://www.kagoshima-yokanavi.jp/spot/10147","西郷隆盛・従道誕生地がある加治屋町は、西郷隆盛、大久保利通が生まれ育った場所です。訪れた際は、周辺を散策し、歴史の流れを感じてみてはいかかでしょうか。","099-216-1327","〒892-0846 鹿児島県鹿児島市加治屋町","","","","・鹿児島中央駅から徒歩約8分 ・カゴシマシティビュー「維新ふるさと館（観光交流センター）」下車徒歩約2分","","https://ltd-css.jp/"
"10021","桜島 さくらじま","","https://www.kagoshima-yokanavi.jp/spot/10021","桜島には火山灰を使用したアート体験や全長約１００mの足湯など、家族でゆっくりと桜島を体験できるスポットがたくさんあります。","","〒891-1410 鹿児島県鹿児島市桜島横山町61-4","","","","・市街地から市電「水族館口」下車徒歩8分で鹿児島港桜島フェリーターミナルへ、鹿児島港から桜島フェリーで約15分 ・市街地から市営バス16番で「水族館前下車」徒歩約3分で鹿児島港桜島フェリーターミナルへ、鹿児島港から桜島フェリーで約15分","","https://s1.373news.com/minamiru/_sakurajima/sc1/"
"20060","鹿児島市都市農業センター かごしましとしのうぎょうせんたー","","https://www.kagoshima-yokanavi.jp/spot/20060","鹿児島市の中心部より北西に約12km、標高180mの自然豊かな地にある都市農業センター。 鹿児島のシンボル桜島を眺望できる総面積約30haの広大な敷地は、農業研修ゾーン、市民農園ゾーン、ふれあいゾーンの3つのゾーンに分かれています。 8,000㎡ある大花壇「四季の花園」では、春は「菜の花」、夏は「ひまわり」、秋は「コスモス」などが一面に広がります。","099-238-2666","〒891-1205 鹿児島県鹿児島市犬迫町4705","8：30～17：00","なし","","鹿児島中央駅から車で約25分","あり","https://kagoshima-barrierfree.com/barrier-furee/%e9%b9%bf%e5%85%90%e5%b3%b6%e5%b8%82%e9%83%bd%e5%b8%82%e8%be%b2%e6%a5%ad%e3%82%bb%e3%83%b3%e3%82%bf%e3%83%bc/"
"10127","村田新八 むらた しんぱち","","https://www.kagoshima-yokanavi.jp/spot/10127","","","","","","","","","https://ltd-css.jp/"
"10068","ふるさと考古歴史館 ふるさとこうこれきしかん","","https://www.kagoshima-yokanavi.jp/spot/10068","","099-266-0696","〒891-0144 鹿児島県鹿児島市下福元町3763-1","9:00～17:00","月曜日（祝日の場合は翌平日）、12月29日～1月1日","一般 450円、 小学生・中学生 220円","・鹿児島中央駅からJRで約15分「慈眼寺駅」下車徒歩約20分","あり","https://www.k-kb.or.jp/koukokan/news0.cgi?sid=#122"
"10143","反射炉跡 はんしゃろあと","","https://www.kagoshima-yokanavi.jp/spot/10143","","","","","","","・鹿児島中央駅からカゴシマシティビューで約50分「仙巌園前」下車 ・鹿児島中央駅から車で約30分 ・鹿児島駅から車で約15分","","http://www.japansmeijiindustrialrevolution.com/site/kagoshima/component01.html"
"10126","別府晋介 べっぷ しんすけ","","https://www.kagoshima-yokanavi.jp/spot/10126","","","","","","","","","https://ltd-css.jp/"
"10047","烏島展望所 からすじまてんぼうじょ","","https://www.kagoshima-yokanavi.jp/spot/10047","","099-216-1327","〒891-1420 鹿児島県鹿児島市桜島赤水町3629-12","","","","・サクラジマアイランドビュー「烏島展望所」下車 ・桜島港桜島フェリーターミナルから徒歩約25分","","https://ltd-css.jp/"
"10045","ボードウォーク（しおかぜ通り） ぼーどうぉーく（しおかぜどおり）","","https://www.kagoshima-yokanavi.jp/spot/10045","","","〒892-0814 鹿児島県鹿児島市本港新町","","","","・市電「水族館口」から徒歩約15分 ・市営バス16番線「水族館前」下車徒歩約3分","","https://ltd-css.jp/"
"10151","薩摩義士碑 さつまぎしひ","","https://www.kagoshima-yokanavi.jp/spot/10151","","","〒892-0853 鹿児島県鹿児島市城山町","","","","・カゴシマシティビュー「薩摩義士碑前」下車 ・市電「市役所前」から徒歩約10分","","https://ltd-css.jp/"
"10156","東郷平八郎銅像 とうごうへいはちろうどうぞう","","https://www.kagoshima-yokanavi.jp/spot/10156","","","〒892-0802 鹿児島県鹿児島市清水町","","","","鹿児島中央駅から車で約20分","","https://ltd-css.jp/"
"10064","中村晋也美術館 なかむらしんやびじゅつかん","","https://www.kagoshima-yokanavi.jp/spot/10064","","099-246-7070","〒899-2701 鹿児島県鹿児島市石谷町2366","10:00～17:00（入館は16:30まで）","月曜日(祝・休日の場合は翌日)、年末年始","一般 500円(団体400円) 高校生 200円(団体160円) 小・中学生100円(団体50円)","・鹿児島中央駅からJRで約5分「上伊集院駅」下車徒歩約20分 ・鹿児島中央駅から車で約20分","普通車あり バスあり","http://www.ne.jp/asahi/musee/nakamura/"
"10152","ザビエル滞鹿記念碑 ざびえるたいかきねんひ","","https://www.kagoshima-yokanavi.jp/spot/10152","","","〒892-0842 鹿児島県鹿児島市東千石町4-9","","","","市電「高見馬場」から徒歩約5分","","https://kagoshima-barrierfree.com/barrier-furee/%e3%82%b6%e3%83%93%e3%82%a8%e3%83%ab%e5%85%ac%e5%9c%92/"
"10125","乃木静子 のぎ しずこ","","https://www.kagoshima-yokanavi.jp/spot/10125","","","","","","","","","https://ltd-css.jp/"
"10016","レインボービーチ れいんぼーびーち","","https://www.kagoshima-yokanavi.jp/spot/10016","","099-803-9621","〒891-1419 鹿児島県鹿児島市桜島横山町","","","","桜島港フェリーターミナルから徒歩約8分","","https://k-kayaks.com/"
"10166","島津斉彬公像 しまづなりあきらこうぞう","","https://www.kagoshima-yokanavi.jp/spot/10166","","","〒892-0841 鹿児島県鹿児島市照国町","","","","・市電「天文館」から徒歩約5分 ・カゴシマシティビュー「西郷銅像前」下車徒歩約3分","","https://ltd-css.jp/"
"10112","西郷従道 さいごう じゅうどう","","https://www.kagoshima-yokanavi.jp/spot/10112","","","","","","","","","https://ltd-css.jp/"
"10088","生見海水浴場 ぬくみかいすいよくじょう","","https://www.kagoshima-yokanavi.jp/spot/10088","","099-803-9621","〒891-0206 鹿児島県鹿児島市喜入生見町","","","無料","鹿児島中央駅から車で約50分","普通車あり バスなし","https://ltd-css.jp/"
"10110","黒田清隆 くろだ きよたか","","https://www.kagoshima-yokanavi.jp/spot/10110","","","","","","","","","https://ltd-css.jp/"
"10085","かごしま文化工芸村 かごしまぶんかこうげいむら","","https://www.kagoshima-yokanavi.jp/spot/10085","","099-281-7175","〒890-0033 鹿児島県鹿児島市西別府町2758","9:30～18:00","火曜日（休日の場合は翌平日）、12月29日～1月3日","【市民料金 一般：300円 児童・生徒150円】 【回数券（１１枚綴り） 一般：3,000円 児童・生徒1,500円】 ※ ただし市内居住者のみの販売となります】 【市外料金 一般：400円 児童・生徒200円】","南国交通バス「文化工芸村」下車","普通車あり バスあり","https://kagoshima-barrierfree.com/barrier-furee/%e3%81%8b%e3%81%94%e3%81%97%e3%81%be%e6%96%87%e5%8c%96%e5%b7%a5%e8%8a%b8%e6%9d%91/"
"10185","天文館跡の碑 てんもんかんあとのひ","","https://www.kagoshima-yokanavi.jp/spot/10185","","","〒892-0842 鹿児島県鹿児島市東千石町15-4","","","","市電「天文館通」から徒歩約1分","","https://ltd-css.jp/"
"10180","西郷武屋敷跡 さいごうたけやしきあと","","https://www.kagoshima-yokanavi.jp/spot/10180","","","〒890-0045 鹿児島県鹿児島市武2","","","","鹿児島中央駅から徒歩約10分","","https://ltd-css.jp/"
"10097","桜島海軍基地跡 さくらじまかいぐんきちあと","","https://www.kagoshima-yokanavi.jp/spot/10097","","","〒891-1419 鹿児島県鹿児島市桜島横山町","","","","桜島港桜島フェリーターミナルから徒歩約5分","","https://www.kagoshima-kankou.com/guide/51631/"
"10158","坂本龍馬新婚の旅碑 さかもとりょうましんこんのりょひ","","https://www.kagoshima-yokanavi.jp/spot/10158","","","〒890-0061 鹿児島県鹿児島市天保山町","","","","・鹿児島中央駅から市営バス16番線「共月亭」下車 ・鹿児島中央駅から車で約15分","","https://ltd-css.jp/"
"10160","調所広郷銅像 ずしょひろさとどうぞう","","https://www.kagoshima-yokanavi.jp/spot/10160","","","〒890-0061 鹿児島県鹿児島市天保山町","","","","・鹿児島中央駅から市営バス16番線「共月亭」下車 徒歩約2分 ・鹿児島中央駅から車で15分","","https://ltd-css.jp/"
"10098","私学校跡 しがっこうあと","","https://www.kagoshima-yokanavi.jp/spot/10098","","","〒892-0853 鹿児島県鹿児島市城山町","","","","・カゴシマシティビュー「薩摩義士碑前」下車 ・市電「市役所前」から徒歩約10分","","https://ltd-css.jp/"
"20046","観光オブジェ『時標（ときしるべ）』 かんこうおぶじぇ『ときしるべ』","","https://www.kagoshima-yokanavi.jp/spot/20046","","","鹿児島県鹿児島市","","","","","","https://qrtranslator.com/0000007590/000012"
"10173","僧月照の墓 そうげっしょうのはか","","https://www.kagoshima-yokanavi.jp/spot/10173","","","〒892-0834 鹿児島県鹿児島市南林寺町","","","","市電「天文館通」徒歩15分","","https://ltd-css.jp/"
"10146","関吉の疎水溝 せきよしのそすいこう","","https://www.kagoshima-yokanavi.jp/spot/10146","","","","","","","鹿児島中央駅から車で約25分","","https://ltd-css.jp/"
"10058","林芙美子文学碑・古里公園 はやしふみこぶんがくひ・ふるさとこうえん","","https://www.kagoshima-yokanavi.jp/spot/10058","","099-216-1366","〒891-1544 鹿児島県鹿児島市古里町1078-52","","","","・桜島港桜島フェリーターミナルから車で約15分 ・桜島港桜島フェリーターミナルから自転車約70分","あり","https://ltd-css.jp/"
"10168","小松帯刀像 こまつたてわきぞう","","https://www.kagoshima-yokanavi.jp/spot/10168","","","〒892-0816 鹿児島県鹿児島市山下町","","","","・カゴシマシティビュー「西郷銅像前」下車徒歩約1分 ・市電「市役所前」から徒歩約5分","","https://ltd-css.jp/"
"10084","かごしま環境未来館 かごしまかんきょうみらいかん","","https://www.kagoshima-yokanavi.jp/spot/10084","","099-806-6666","〒890-0041 鹿児島県鹿児島市城西2-1-5","9:30～21:00（日曜日・祝日は18:00まで）","月曜日（祝日の場合は翌平日）、12月29日～1月3日","入館無料","市営バス「新照院」下車徒歩約5分","普通車あり バスあり","https://kagoshima-barrierfree.com/barrier-furee/%e3%81%8b%e3%81%94%e3%81%97%e3%81%be%e7%92%b0%e5%a2%83%e6%9c%aa%e6%9d%a5%e9%a4%a8/"
"10167","探勝園 たんしょうえん","","https://www.kagoshima-yokanavi.jp/spot/10167","","","〒892-0841 鹿児島県鹿児島市照国町","","","","・市電「天文館」から徒歩約5分 ・カゴシマシティビュー「西郷銅像前」下車徒歩約3分","","https://ltd-css.jp/"
"10049","黒神展望所 くろかみてんぼうじょ","","https://www.kagoshima-yokanavi.jp/spot/10049","","","〒891-1401 鹿児島県鹿児島市黒神町","","","","桜島港桜島フェリーターミナルから車で約30分","","https://ltd-css.jp/"
"10138","税所敦子 さいしょ あつこ","","https://www.kagoshima-yokanavi.jp/spot/10138","","","","","","","","","https://ltd-css.jp/"
"10043","鹿児島市鴨池海づり公園 かごしましかもいけうみづりこうえん","","https://www.kagoshima-yokanavi.jp/spot/10043","","099-252-1021","〒890-0062 鹿児島県鹿児島市与次郎2-9-12","4月～9月：6:00～19:00 10月：6:00～18:00 11月～3月：7:00～17:00","無休","（入園料） 大人 150円、 小人 70円 （釣り料 ～4時間まで） 大人 900円、 小人 300円 （釣り料 1時間を超えるごと） 大人 150円、 小人 70円 ※釣り竿の貸出（有料）あり。","・鹿児島中央駅から車で約15分 ・鹿児島中央駅バス約20分「海づり公園前」下車徒歩約5分","あり","https://kagoshima-barrierfree.com/barrier-furee/%e9%b4%a8%e6%b1%a0%e6%b5%b7%e3%81%a5%e3%82%8a%e5%85%ac%e5%9c%92/"
"10184","花尾神社 はなおじんじゃ","","https://www.kagoshima-yokanavi.jp/spot/10184","","099-298-7669","〒891-1101 鹿児島県鹿児島市花尾町4193","","","","鹿児島中央駅から車で約30分","普通車あり バスあり","https://www.kagojinjacho.or.jp/shrine-search/area-kagoshima/%e9%b9%bf%e5%85%90%e5%b3%b6%e5%b8%82/1050/"
"10178","岩永三五郎之像 いわながさんごろうのぞう","","https://www.kagoshima-yokanavi.jp/spot/10178","","","〒892-0803 鹿児島県鹿児島市祇園之洲町","","","","鹿児島中央駅から車で約20分","","https://ltd-css.jp/"
"10175","造士館・演武館・医学院跡 ぞうしかん・えんぶかん・いがくいんあと","","https://www.kagoshima-yokanavi.jp/spot/10175","","","〒892-0816 鹿児島県鹿児島市山下町","","","","・市電「天文館」から徒歩約5分 ・カゴシマシティビュー「西郷銅像前」下車徒歩約3分","","https://ltd-css.jp/"
"10066","示現流兵法所史料館 じげんりゅうひょうほうしょしりょうかん","","https://www.kagoshima-yokanavi.jp/spot/10066","","","〒892-0842 鹿児島県鹿児島市東千石町2-2","10:00～17:00（入館は16:30まで）","火曜日～木曜日（火曜日～木曜日が祝日の場合は開館、翌日が休館日） 12月28日～1月3日","大人500円 小・中・高校生300円","市電「市役所前」から徒歩約5分 市電「天文館通」から徒歩約2分","あり","http://www.jigen-ryu.com/"
"10155","ザビエル上陸記念碑 ざびえるじょうりくきねんひ","","https://www.kagoshima-yokanavi.jp/spot/10155","","","〒892-0803 鹿児島県鹿児島市祇園之洲町","","","","・カゴシマシティビュー「石橋記念公園前」下車徒歩約15分 ・鹿児島中央駅から車で約15分","","http://xavier-kagoshima.net/"
"10165","平田靭負銅像 ひらたゆきえどうぞう","","https://www.kagoshima-yokanavi.jp/spot/10165","","","〒892-0848 鹿児島県鹿児島市平之町","","","","市電「加治屋町」から徒歩約10分","","https://ltd-css.jp/"
"10101","伊地知正治 いじち まさはる","","https://www.kagoshima-yokanavi.jp/spot/10101","","","","","","","","","https://ltd-css.jp/"
"10177","石仏十三体 いしぼとけじゅうさんたい","","https://www.kagoshima-yokanavi.jp/spot/10177","","","〒892-0853 鹿児島県鹿児島市城山町","","","","カゴシマシティビュー「西郷洞窟前」下車徒歩約3分","","https://ltd-css.jp/"
"10044","鹿児島市桜島海づり公園 かごしましさくらじまうみづりこうえん","","https://www.kagoshima-yokanavi.jp/spot/10044","","099-293-3937","〒891-1419 鹿児島県鹿児島市桜島横山町1722-3","4月～9月：6:00～19:00 10月：6:00～18:00 11月～3月：7:00～17:00","無休","（入園料） 大人 150円、 小人 70円 （釣り料 ～4時間まで） 大人 300円、 小人 150円 （釣り料 1時間を超えるごと） 大人 70円、 小人 30円 ※釣り竿の貸出（有料）あり。","桜島港桜島フェリーターミナルから徒歩約10分","最寄りに公共駐車場有り（無料）","https://kagoshima-barrierfree.com/barrier-furee/%e6%a1%9c%e5%b3%b6%e6%b5%b7%e3%81%a5%e3%82%8a%e5%85%ac%e5%9c%92/"
"10172","大久保利通誕生地 おおくぼとしみちたんじょうち","","https://www.kagoshima-yokanavi.jp/spot/10172","","","〒890-0051 鹿児島県鹿児島市高麗町","","","","・鹿児島中央駅から徒歩約10分 ・カゴシマシティビュー「維新ふるさと館（観光交流センター）」下車徒歩約3分","","https://ltd-css.jp/"
"10176","島津久光公像 しまづひさみつこうぞう","","https://www.kagoshima-yokanavi.jp/spot/10176","","","〒892-0841 鹿児島県鹿児島市照国町","","","","・市電「天文館」から徒歩約5分 ・カゴシマシティビュー「西郷銅像前」下車徒歩約3分","","https://ltd-css.jp/"
"10062","児玉美術館 こだまびじゅつかん","","https://www.kagoshima-yokanavi.jp/spot/10062","","099-262-0050","〒891-0144 鹿児島県鹿児島市下福元町8251-1","10:00～16:00","月曜日（祝日の場合は翌日）、12月11日～1月3日（館内整理のため）","大人500円 高校・大学生300円 小・中学生200円","鹿児島中央駅から車で指宿スカイライン経由約35分","普通車あり バスあり","https://www.kodama-art-museum.or.jp/"
"10106","樺山資紀 かばやま すけのり","","https://www.kagoshima-yokanavi.jp/spot/10106","","","","","","","","","https://ltd-css.jp/"
"10104","大山巌 おおやま いわお","","https://www.kagoshima-yokanavi.jp/spot/10104","","","","","","","","","https://ltd-css.jp/"
"10061","三宅美術館 みやけびじゅつかん","","https://www.kagoshima-yokanavi.jp/spot/10061","","099-266-0066","〒891-0141 鹿児島県鹿児島市谷山中央1丁目61-30","10:00～16:30","水曜日、年末年始 ※資料整理・企画展準備等のため臨時休館する場合がございます","一般500円、障害者手帳所持者100円、高校生以下無料","・鹿児島中央駅からJRで約15分「谷山駅」下車徒歩約6分 ・鹿児島中央駅から市電で約20分「谷山駅」下車徒歩約15分","普通車あり バスなし","http://www.miyake-art.com/"
"10171","五代友厚像 ごだいともあつぞう","","https://www.kagoshima-yokanavi.jp/spot/10171","","","〒892-0822 鹿児島県鹿児島市泉町","","","","・市電「朝日通」から徒歩約2分 ・カゴシマシティビュー「金生町」下車徒歩約2分","","https://ltd-css.jp/"
"10174","石燈籠 いしどうろう（いづろ）","","https://www.kagoshima-yokanavi.jp/spot/10174","","","〒892-0828 鹿児島県鹿児島市金生町","","","","市電「いづろ通」から徒歩約1分","","https://ltd-css.jp/"
"10122","丹下梅子 たんげ うめこ","","https://www.kagoshima-yokanavi.jp/spot/10122","","","","","","","","","https://ltd-css.jp/"
"10179","西南の役官軍戦没者慰霊塔 せいなんのえきかんぐんせんぼつしゃいれいとう","","https://www.kagoshima-yokanavi.jp/spot/10179","","","〒892-0803 鹿児島県鹿児島市祇園之洲町","","","","鹿児島中央駅から車で約20分","","https://ltd-css.jp/"
"10063","陽山美術館 (※現在休館中) ようざんびじゅつかん","","https://www.kagoshima-yokanavi.jp/spot/10063","","099-239-5555","〒892-0816 鹿児島県鹿児島市山下町8-3 美術館ビル5F","10:00～16:00（入館は15:30まで）","不定期","大人500円 高校・大学生400円 小・中学生300円","・カゴシマシティビュー「西郷銅像前」下車徒歩約3分 ・市電「市役所前」から徒歩約5分","普通車あり バスあり","http://www.musee-yozan.or.jp/"
"10116","島津忠義 しまづ ただよし","","https://www.kagoshima-yokanavi.jp/spot/10116","","","","","","","","","https://ltd-css.jp/"
"10056","藤野アコウ群 ふじのあこうぐん","","https://www.kagoshima-yokanavi.jp/spot/10056","","","〒891-1415 鹿児島県鹿児島市桜島藤野町","","","","・桜島港桜島フェリーターミナルから車で約8分 ・桜島港桜島フェリーターミナルから自転車約25分","","https://ltd-css.jp/"
"10140","吉井友実 よしい ともざね","","https://www.kagoshima-yokanavi.jp/spot/10140","","","","","","","","","https://ltd-css.jp/"
"10161","松方正義之像 まつかたまさよしのぞう","","https://www.kagoshima-yokanavi.jp/spot/10161","","","〒890-0056 鹿児島県鹿児島市下荒田1","","","","・市電「二中通」から徒歩約3分 ・鹿児島中央駅から車で約8分","","https://ltd-css.jp/"
"10109","黒木為楨 くろき ためもと","","https://www.kagoshima-yokanavi.jp/spot/10109","","","","","","","","","https://ltd-css.jp/"
"10059","歴史ロード“維新ドラマの道” れきしろーど”いしんどらまのみち“","","https://www.kagoshima-yokanavi.jp/spot/10059","","","〒892-0846 鹿児島県鹿児島市加治屋町21","","","無料","・カゴシマシティビュー「維新ふるさと館（観光交流センター）」下車徒歩3分 ・鹿児島中央駅から徒歩約10分","","https://ltd-css.jp/"
"10102","井上良馨 いのうえ よしか","","https://www.kagoshima-yokanavi.jp/spot/10102","","","","","","","","","https://ltd-css.jp/"
"10086","八重の棚田 やえのたなだ","","https://www.kagoshima-yokanavi.jp/spot/10086","","","〒891-1105 鹿児島県鹿児島市郡山町","","","","鹿児島中央駅から車で約40分","普通車あり バスあり","http://kagoshima-tanada.com/cust-tanada/305/"
"10120","高島鞆之助 たかしま とものすけ","","https://www.kagoshima-yokanavi.jp/spot/10120","","","","","","","","","https://ltd-css.jp/"
"10129","山本英輔 やまもと えいすけ","","https://www.kagoshima-yokanavi.jp/spot/10129","","","","","","","","","https://ltd-css.jp/"
"10114","篠原国幹 しのはら くにもと","","https://www.kagoshima-yokanavi.jp/spot/10114","","","","","","","","","https://ltd-css.jp/"
"10139","黒田清輝 くろだ せいき","","https://www.kagoshima-yokanavi.jp/spot/10139","","","","","","","","","https://ltd-css.jp/"
"20340","鹿児島ガーデンゴルフ倶楽部 かごしまがーでんごるふくらぶ","","https://www.kagoshima-yokanavi.jp/spot/20340","南国の陽光が降り注ぐ松元の丘陵地に広がる18ホール（Par72・6,723ヤード）のゴルフコース。桜島や霧島の絶景を背に、緩やかな起伏と池・クリーク、自然石を取り入れた巧みな造形が随所に見られ、戦略性と美しさが共存しています。アクセスも良好で、初心者からベテランまで、誰でも楽しめる調和のステージです。 デジタルパンフレットはこちら（日・英・韓・繁の4ヵ国語対応）","099-278-5200","〒899-2705 鹿児島県鹿児島市直木町6000","開場時間：通常・夏季・冬季：午前 7:00〜 レストラン営業：10:00〜15:00（L.O.14:30）","","","車： 九州自動車道/松元ICより13km 空港方面からは鹿児島ICを経由、松元ICを降りて右折。 ファミリーマートを右折して県道24号線（伊集院松元線）を松元町方面へ向う。途中協和モータースの所を左折。約1.5km走行し春山交差点を直進。広域農道に入って約3km走行、クラブ標識に従い信号を左折。 電車： JR鹿児島本線・薩摩松元駅下車 タクシー： 松元駅から約10分 1,600円程 ※目安料金となります。 飛行機： 鹿児島空港より車で約50分 ※高速道路を利用した場合","","https://my.ebook5.net/ACCORDIA-GOLF/"
"10137","川村純義 かわむら すみよし","","https://www.kagoshima-yokanavi.jp/spot/10137","","","","","","","","","https://ltd-css.jp/"
"10124","中原猶介 なかはら ゆうすけ","","https://www.kagoshima-yokanavi.jp/spot/10124","","","","","","","","","https://ltd-css.jp/"
"10107","川上操六 かわかみ そうろく","","https://www.kagoshima-yokanavi.jp/spot/10107","","","","","","","","","https://ltd-css.jp/"
"10145","寺山炭窯跡 てらやますみがまあと","","https://www.kagoshima-yokanavi.jp/spot/10145","","099-227-1940","〒892-0871 鹿児島県鹿児島市吉野町10710-68","","","","鹿児島中央駅から車で約30分","","https://ltd-css.jp/"
"20043","俳句・川柳・短歌ポスト はいく・せんりゅう・たんかぽすと","","https://www.kagoshima-yokanavi.jp/spot/20043","※俳句・川柳・短歌の投稿につきましては、令和６年度をもって終了いたしました。長らくご愛顧いただき誠にありがとうございました。 鹿児島を訪れた記念に俳句・川柳・短歌をしたためてみませんか？ 投稿作品は鹿児島市公式観光サイト「かごしま市観光ナビ」に掲載いたします。 旅先の思い出をより深いものにして下さい。 ・令和6年度3月の投稿作品 ・【過去作品】令和6年度 俳句・川柳・短歌ポスト」投稿作品紹介","","","","","","","","https://ltd-css.jp/"
"10095","桜島イベント広場ゾーン（桜島赤水採石場跡地） さくらじまいべんとひろばぞーん（さくらじまあかみずさいせきじょうあとち）","","https://www.kagoshima-yokanavi.jp/spot/10095","","099-216-1510","〒891-1420 鹿児島県鹿児島市桜島赤水町3629-3","","","","・サクラジマアイランドビュー「赤水展望広場」」下車 ・桜島港桜島フェリーターミナルから徒歩約30分","","https://ltd-css.jp/"
"10164","薩摩義士の墓 さつまぎしのはか","","https://www.kagoshima-yokanavi.jp/spot/10164","","","〒892-0847 鹿児島県鹿児島市西千石町","","","","市電「加治屋町」から徒歩約6分","","https://ltd-css.jp/"
"10162","西郷南洲翁宅地跡 さいごうなんしゅうおうたくちあと","","https://www.kagoshima-yokanavi.jp/spot/10162","","","〒890-0053 鹿児島県鹿児島市中央町","","","","鹿児島中央駅から徒歩約3分","","https://ltd-css.jp/"
"10141","ウィリアム・ウィリス うぃりあむ・うぃりす","","https://www.kagoshima-yokanavi.jp/spot/10141","","","","","","","","","https://ltd-css.jp/"
"10105","加納久宜 かのう ひさよし","","https://www.kagoshima-yokanavi.jp/spot/10105","","","","","","","","","https://ltd-css.jp/"
"10119","関勇助 せき ゆうすけ","","https://www.kagoshima-yokanavi.jp/spot/10119","","","","","","","","","https://ltd-css.jp/"
"10121","田代安定 たしろ あんてい・やすさだ","","https://www.kagoshima-yokanavi.jp/spot/10121","","","","","","","","","https://ltd-css.jp/"
"10115","島津重豪 しまづ しげひで","","https://www.kagoshima-yokanavi.jp/spot/10115","","","","","","","","","https://ltd-css.jp/"
"10132","伊東祐亨 いとう すけゆき","","https://www.kagoshima-yokanavi.jp/spot/10132","","","","","","","","","https://ltd-css.jp/"
"10142","高木兼寛 たかぎ かねひろ","","https://www.kagoshima-yokanavi.jp/spot/10142","","","","","","","","","https://ltd-css.jp/"